{"mean":{"confidence_interval":{"confidence_level":0.95,"lower_bound":1048409.3064629907,"upper_bound":1075868.3703395354},"point_estimate":1059388.7610998077,"standard_error":7210.38432932823},"median":{"confidence_interval":{"confidence_level":0.95,"lower_bound":1045619.4666666667,"upper_bound":1053897.8333333333},"point_estimate":1051177.0833333335,"standard_error":1928.4944170343113},"median_abs_dev":{"confidence_interval":{"confidence_level":0.95,"lower_bound":12623.415402205304,"upper_bound":23101.524548444602},"point_estimate":17304.087394681297,"standard_error":2666.665935071639},"slope":{"confidence_interval":{"confidence_level":0.95,"lower_bound":1040084.4728077642,"upper_bound":1085668.129300072},"point_estimate":1057336.3148307966,"standard_error":12069.949223441246},"std_dev":{"confidence_interval":{"confidence_level":0.95,"lower_bound":21015.451966421904,"upper_bound":118295.53579690032},"point_estimate":72560.57786550342,"standard_error":30388.140883692948}}