{"mean":{"confidence_interval":{"confidence_level":0.95,"lower_bound":3008805.9724999997,"upper_bound":3020477.9428823525},"point_estimate":3014498.897058823,"standard_error":2978.22831293379},"median":{"confidence_interval":{"confidence_level":0.95,"lower_bound":3002100.470588235,"upper_bound":3016573.529411765},"point_estimate":3008819.8529411764,"standard_error":3811.1638873748025},"median_abs_dev":{"confidence_interval":{"confidence_level":0.95,"lower_bound":18672.38733908697,"upper_bound":30476.84832951624},"point_estimate":24399.27858447307,"standard_error":2981.9363257634604},"slope":null,"std_dev":{"confidence_interval":{"confidence_level":0.95,"lower_bound":24512.907843888013,"upper_bound":34380.2594456355},"point_estimate":29811.230878945596,"standard_error":2521.617199812726}}